<?xml version="1.0" encoding="UTF-8"?>
<factura id="comprobante" version="1.0.0">
    <infoTributaria>
        <ambiente>1</ambiente>
        <tipoEmision>1</tipoEmision>
        <razonSocial>CUENCA MACAS NELLY MARIA</razonSocial>
        <nombreComercial>CUENCA MACAS NELLY MARIA</nombreComercial>
        <ruc>0490041877001</ruc>
        <claveAcceso>2007202113049004187700110010010000000010000135311</claveAcceso>
        <codDoc>01</codDoc>
        <estab>001</estab>
        <ptoEmi>001</ptoEmi>
        <secuencial>000000001</secuencial>
        <dirMatriz>Av. Gonzales Suarez</dirMatriz>
    </infoTributaria>
    <infoFactura>
        <fechaEmision>20/07/2021</fechaEmision>
        <dirEstablecimiento>AV 9 DE OCTUBRE</dirEstablecimiento>
        <contribuyenteEspecial>1111</contribuyenteEspecial>
        <obligadoContabilidad>SI</obligadoContabilidad>       
        <tipoIdentificacionComprador>08</tipoIdentificacionComprador>
        
        <razonSocialComprador>Cristhian Bonifaz</razonSocialComprador>
        <identificacionComprador>0603890179001</identificacionComprador>
        <direccionComprador>colombia entres espana y garcia moreno</direccionComprador><totalSinImpuestos>0.53</totalSinImpuestos><totalDescuento>0.00</totalDescuento>        
        <totalConImpuestos>
<totalImpuesto>
                        <codigo>2</codigo>
                        <codigoPorcentaje>2</codigoPorcentaje>
                        <baseImponible>0</baseImponible>
                        <tarifa>12</tarifa>
                        <valor>0</valor>
                    </totalImpuesto>
                    <totalImpuesto>
                        <codigo>2</codigo>
                        <codigoPorcentaje>0</codigoPorcentaje>
                        <baseImponible>0.53</baseImponible>
                        <tarifa>0</tarifa>                
                        <valor>0.00</valor>
                    </totalImpuesto>
         </totalConImpuestos>        
        <propina>0.00</propina>        
        <importeTotal>0.53</importeTotal>
        <moneda>DOLAR</moneda><pagos>
            <pago>
                <formaPago>01</formaPago>
                <total>0.53</total>
                <plazo>1</plazo>
                <unidadTiempo>Dias</unidadTiempo>
            </pago>            
        </pagos><valorRetIva>0.00</valorRetIva>
        <valorRetRenta>0.00</valorRetRenta>
    </infoFactura>
    <detalles><detalle>
            <codigoPrincipal>CL0262399528193</codigoPrincipal>
            <codigoAuxiliar>CL0262399528193</codigoAuxiliar>
            <descripcion>REF.CERECITA</descripcion>
            <unidadMedida>No definido</unidadMedida>
            <cantidad>1.00</cantidad>
            <precioUnitario>0.53</precioUnitario>            
            <descuento>0.00</descuento>
            <precioTotalSinImpuesto>0.53000</precioTotalSinImpuesto>
            <detallesAdicionales>
                <detAdicional nombre="denominacion_tipo_producto" valor="Tipo Producto"></detAdicional>
                <detAdicional nombre="denominacion_categoria" valor="Categoria"></detAdicional>
            </detallesAdicionales>
            <impuestos>
                <impuesto>
<codigo>2</codigo>
                <codigoPorcentaje>0</codigoPorcentaje>
             <tarifa>0</tarifa><baseImponible>0.53000</baseImponible>                
                <valor>0.00</valor></impuesto>
            </impuestos>
        </detalle></detalles>
    
    <infoAdicional>
        <campoAdicional nombre="Direccion">colombia entres espana y garcia moreno</campoAdicional>
        <campoAdicional nombre="Telefono">0987635146</campoAdicional>		
        <campoAdicional nombre="Email">facturacionelectronica1993@gmail.com</campoAdicional>
        <campoAdicional nombre="Contribuyente">aasss</campoAdicional>
        <campoAdicional nombre="Agente_Retencion">bbbsss</campoAdicional>
    </infoAdicional>
</factura>