<?xml version="1.0" encoding="UTF-8"?>
<factura id="comprobante" version="1.0.0">
    <infoTributaria>
        <ambiente>1</ambiente>
        <tipoEmision>1</tipoEmision>
        <razonSocial>PISCULLA COQUE ANGEL MARTIN</razonSocial>
        <nombreComercial>MP ASESORIA INTEGRAL</nombreComercial>
        <ruc>1717091506001</ruc>
        <claveAcceso>0510201801171709150600110010010000000031234567814</claveAcceso>
        <codDoc>01</codDoc>
        <estab>001</estab>
        <ptoEmi>001</ptoEmi>
        <secuencial>000000003</secuencial>
        <dirMatriz>CAMILO PONCE ENRIQUEZ Y PASAJE ALMEIDA CONJUNTO ARAGON 1	</dirMatriz>
    </infoTributaria>
    <infoFactura>
        <fechaEmision>05/10/2018</fechaEmision>
        <dirEstablecimiento>CAMILO PONCE ENRIQUEZ Y PASAJE ALMEIDA CONJUNTO ARAGON 1	</dirEstablecimiento>
        <obligadoContabilidad>NO</obligadoContabilidad>
        <tipoIdentificacionComprador>04</tipoIdentificacionComprador>
        <guiaRemision>001-001-000113131</guiaRemision>
        <razonSocialComprador>COQUE TENORIO MARIA YOLANDA</razonSocialComprador>
        <identificacionComprador>1706034756001</identificacionComprador>
        <direccionComprador>conocoto					</direccionComprador>
        <totalSinImpuestos>1614.00</totalSinImpuestos>
        <totalDescuento>0.00</totalDescuento>
        <totalConImpuestos>
            <totalImpuesto>
                <codigo>2</codigo>
                <codigoPorcentaje>0</codigoPorcentaje>
                <baseImponible>1509.00</baseImponible>
                <tarifa>0</tarifa>
                <valor>0.00</valor>
            </totalImpuesto>
            <totalImpuesto>
                <codigo>2</codigo>
                <codigoPorcentaje>2</codigoPorcentaje>
                <baseImponible>100.00</baseImponible>
                <tarifa>12</tarifa>
                <valor>12.00</valor>
            </totalImpuesto>
            <totalImpuesto>
                <codigo>2</codigo>
                <codigoPorcentaje>6</codigoPorcentaje>
                <baseImponible>10.00</baseImponible>
                <tarifa>0</tarifa>
                <valor>0.00</valor>
            </totalImpuesto>
            <totalImpuesto>
                <codigo>2</codigo>
                <codigoPorcentaje>7</codigoPorcentaje>
                <baseImponible>5.00</baseImponible>
                <tarifa>0</tarifa>
                <valor>0.00</valor>
            </totalImpuesto>
            <totalImpuesto>
                <codigo>3</codigo>
                <codigoPorcentaje>3011</codigoPorcentaje>
                <baseImponible>500.00</baseImponible>
                <valor>10.00</valor>
            </totalImpuesto>
            <totalImpuesto>
                <codigo>5</codigo>
                <codigoPorcentaje>5001</codigoPorcentaje>
                <baseImponible>10.00</baseImponible>
                <valor>10.00</valor>
            </totalImpuesto>
        </totalConImpuestos>
        <propina>161.40</propina>
        <importeTotal>1807.40</importeTotal>
        <moneda>DOLAR</moneda>
        <pagos>
            <pago>
                <formaPago>20</formaPago>
                <total>500.00</total>
                <plazo>1</plazo>
                <unidadTiempo>Días</unidadTiempo>
            </pago>
            <pago>
                <formaPago>19</formaPago>
                <total>1146.00</total>
                <plazo>100</plazo>
                <unidadTiempo>Años</unidadTiempo>
            </pago>
        </pagos>
    </infoFactura>
    <detalles>
        <detalle>
            <codigoPrincipal>001base 12%</codigoPrincipal>
            <codigoAuxiliar>001</codigoAuxiliar>
            <descripcion>ASESORIA</descripcion>
            <cantidad>1</cantidad>
            <precioUnitario>100</precioUnitario>
            <descuento>0</descuento>
            <precioTotalSinImpuesto>100.00</precioTotalSinImpuesto>
            <detallesAdicionales>
                <detAdicional nombre="honorario" valor="1"></detAdicional>
            </detallesAdicionales>
            <impuestos>
                <impuesto>
                    <codigo>2</codigo>
                    <codigoPorcentaje>2</codigoPorcentaje>
                    <tarifa>12</tarifa>
                    <baseImponible>100.00</baseImponible>
                    <valor>12.00</valor>
                </impuesto>
            </impuestos>
        </detalle>
        <detalle>
            <codigoPrincipal>base 0%</codigoPrincipal>
            <codigoAuxiliar>p1</codigoAuxiliar>
            <descripcion>PRUEBA 1</descripcion>
            <cantidad>1</cantidad>
            <precioUnitario>999</precioUnitario>
            <descuento>0</descuento>
            <precioTotalSinImpuesto>999.00</precioTotalSinImpuesto>
            <detallesAdicionales>
                <detAdicional nombre="aaaaa" valor="a"></detAdicional>
                <detAdicional nombre="bbbbb" valor="b"></detAdicional>
                <detAdicional nombre="cccc" valor="c"></detAdicional>
            </detallesAdicionales>
            <impuestos>
                <impuesto>
                    <codigo>2</codigo>
                    <codigoPorcentaje>0</codigoPorcentaje>
                    <tarifa>0</tarifa>
                    <baseImponible>999.00</baseImponible>
                    <valor>0.00</valor>
                </impuesto>
            </impuestos>
        </detalle>
        <detalle>
            <codigoPrincipal>no objeto de impuesto</codigoPrincipal>
            <codigoAuxiliar>no objeto</codigoAuxiliar>
            <descripcion>NO OBJETO </descripcion>
            <cantidad>1</cantidad>
            <precioUnitario>10</precioUnitario>
            <descuento>0</descuento>
            <precioTotalSinImpuesto>10.00</precioTotalSinImpuesto>
            <impuestos>
                <impuesto>
                    <codigo>2</codigo>
                    <codigoPorcentaje>6</codigoPorcentaje>
                    <tarifa>0</tarifa>
                    <baseImponible>10.00</baseImponible>
                    <valor>0.00</valor>
                </impuesto>
            </impuestos>
        </detalle>
        <detalle>
            <codigoPrincipal>excento</codigoPrincipal>
            <codigoAuxiliar>excento</codigoAuxiliar>
            <descripcion>EXCENTO</descripcion>
            <cantidad>1</cantidad>
            <precioUnitario>5</precioUnitario>
            <descuento>0</descuento>
            <precioTotalSinImpuesto>5.00</precioTotalSinImpuesto>
            <impuestos>
                <impuesto>
                    <codigo>2</codigo>
                    <codigoPorcentaje>7</codigoPorcentaje>
                    <tarifa>0</tarifa>
                    <baseImponible>5.00</baseImponible>
                    <valor>0.00</valor>
                </impuesto>
            </impuestos>
        </detalle>
        <detalle>
            <codigoPrincipal>PRUEBA ICE</codigoPrincipal>
            <codigoAuxiliar>ORUEBA ICE</codigoAuxiliar>
            <descripcion>PRUEBA ICE</descripcion>
            <cantidad>1</cantidad>
            <precioUnitario>500</precioUnitario>
            <descuento>0</descuento>
            <precioTotalSinImpuesto>500.00</precioTotalSinImpuesto>
            <impuestos>
                <impuesto>
                    <codigo>2</codigo>
                    <codigoPorcentaje>0</codigoPorcentaje>
                    <tarifa>0</tarifa>
                    <baseImponible>510.00</baseImponible>
                    <valor>0.00</valor>
                </impuesto>
                <impuesto>
                    <codigo>3</codigo>
                    <codigoPorcentaje>3011</codigoPorcentaje>
                    <tarifa>0</tarifa>
                    <baseImponible>500.00</baseImponible>
                    <valor>10.00</valor>
                </impuesto>
                <impuesto>
                    <codigo>5</codigo>
                    <codigoPorcentaje>5001</codigoPorcentaje>
                    <tarifa>0</tarifa>
                    <baseImponible>10.00</baseImponible>
                    <valor>10.00</valor>
                </impuesto>
            </impuestos>
        </detalle>
    </detalles>
    <infoAdicional>
        <campoAdicional nombre="Dirección">conocoto					</campoAdicional>
        <campoAdicional nombre="Teléfono">022070994</campoAdicional>
        <campoAdicional nombre="Email">comerciallucy_ecuador@hotmail.com</campoAdicional>        
    </infoAdicional>
</factura>